Designator,Mid X,Mid Y,Layer,Rotation
S1,235.9071,4.3422,Bottom,350
S2,238.8591,21.0839,Bottom,350
S3,218.5167,18.2472,Bottom,356
S4,219.7026,35.2058,Bottom,356
S5,220.8884,52.1644,Bottom,356
S6,199.8014,26.3924,Bottom,0
S7,199.8014,43.3924,Bottom,0
S8,199.8014,60.3924,Bottom,0
S9,181.8014,20.8924,Bottom,0
S10,181.8014,37.8924,Bottom,0
S11,181.8014,54.8924,Bottom,0
S12,163.8014,18.3924,Bottom,0
S13,163.8014,35.3924,Bottom,0
S14,163.8014,52.3924,Bottom,0
S15,176.7726,1.3764,Bottom,25
S16,158.7685,-2.6055,Bottom,25
S17,144.1455,-13.8379,Bottom,25
S18,235.2027,29.1413,Bottom,170
NUT1,223.1155,58.9255,Bottom,356
NUT2,148.2214,59.2924,Bottom,0
NUT3,148.2214,0.7924,Bottom,0
NUT4,220.8435,-0.4651,Bottom,350
NUT5,139.5222,-29.9515,Bottom,25
PWR1,247.1354,12.1612,Bottom,260
